idioma_secreto,espanol
moro somi moro disa mapa zita,la niña encuentra la médica azul
fefo gero fefo ragi zizi nava,el niño lee el jardinero joven
fefo mefi moro posi somi nava,el músico lee la niña feliz
fefo rino moro somi rizo riga,el perro no cuida la niña
fefo mefi moro posi seza gope,el músico busca la maestra feliz
moro somi fefo sena zizi gope riga,la niña no busca el jardinero verde
fefo rino moro sena seza bane riga,el perro no mira la maestra verde
moro seza moro ragi somi pefe riga,la maestra no lleva la niña joven
moro mapa fefo disa gero nava riga,la médica no lee el niño azul
fefo zizi fefo sena mefi gope riga,el jardinero no busca el músico verde
fefo zizi moro povo somi rizo riga,el jardinero no cuida la niña grande
fefo mefi moro posi sesi gope riga,el músico no busca la gata feliz
fefo rino fefo ragi zizi bane,el perro mira el jardinero joven
moro sesi fefo ragi zizi gope,la gata busca el jardinero joven
fefo zizi moro sena mapa zita riga,el jardinero no encuentra la médica verde
moro mapa fefo ragi rino rizo riga,la médica no cuida el perro joven
moro seza fefo ragi mefi rizo,la maestra cuida el músico joven
fefo zizi moro posi seza gope riga,el jardinero no busca la maestra feliz
moro sesi fefo sena gero bane riga,la gata no mira el niño verde
fefo mefi moro posi mapa zita riga,el músico no encuentra la médica feliz
fefo mefi fefo disa gero bane riga,el músico no mira el niño azul
fefo gero fefo mefi gope,el niño busca el músico
moro seza fefo ragi zizi bane riga,la maestra no mira el jardinero joven
moro seza moro sena sesi zita,la maestra encuentra la gata verde
moro mapa fefo povo gero pefe riga,la médica no lleva el niño grande
moro seza moro ragi somi rizo riga,la maestra no cuida la niña joven
moro mapa moro disa somi pefe riga,la médica no lleva la niña azul
moro sesi fefo posi gero bane riga,la gata no mira el niño feliz
fefo gero fefo sena zizi nava,el niño lee el jardinero verde
fefo mefi moro sena sesi gope,el músico busca la gata verde
moro somi fefo posi zizi pefe riga,la niña no lleva el jardinero feliz
moro mapa fefo rino rizo riga,la médica no cuida el perro
moro somi fefo mefi rizo,la niña cuida el músico
fefo gero moro posi sesi nava,el niño lee la gata feliz
fefo rino fefo mefi pefe,el perro lleva el músico
fefo mefi moro ragi sesi zita riga,el músico no encuentra la gata joven
moro mapa moro ragi sesi bane,la médica mira la gata joven
moro somi moro posi mapa pefe riga,la niña no lleva la médica feliz
fefo rino fefo mefi zita,el perro encuentra el músico
moro sesi moro disa somi nava riga,la gata no lee la niña azul
fefo rino moro disa mapa zita riga,el perro no encuentra la médica azul
fefo rino fefo disa gero gope riga,el perro no busca el niño azul
moro seza fefo disa zizi rizo riga,la maestra no cuida el jardinero azul
fefo zizi fefo povo mefi zita,el jardinero encuentra el músico grande
fefo rino moro povo somi bane riga,el perro no mira la niña grande
fefo mefi moro sena sesi nava,el músico lee la gata verde
moro somi fefo sena rino rizo,la niña cuida el perro verde
fefo rino fefo zizi pefe,el perro lleva el jardinero
fefo zizi moro disa sesi bane,el jardinero mira la gata azul
fefo mefi fefo zizi rizo,el músico cuida el jardinero
fefo rino fefo disa zizi rizo riga,el perro no cuida el jardinero azul
fefo rino fefo ragi zizi zita,el perro encuentra el jardinero joven
fefo rino moro povo mapa nava riga,el perro no lee la médica grande
moro seza moro sesi bane riga,la maestra no mira la gata
fefo zizi moro mapa rizo,el jardinero cuida la médica
moro somi fefo rino zita riga,la niña no encuentra el perro
moro sesi fefo povo rino gope riga,la gata no busca el perro grande
fefo rino fefo gero nava,el perro lee el niño
moro sesi moro ragi seza zita,la gata encuentra la maestra joven
moro somi moro seza rizo,la niña cuida la maestra
moro mapa fefo disa mefi nava riga,la médica no lee el músico azul
fefo rino moro sena mapa gope riga,el perro no busca la médica verde
fefo gero fefo zizi nava riga,el niño no lee el jardinero
fefo rino moro posi mapa gope,el perro busca la médica feliz
fefo zizi moro disa mapa nava riga,el jardinero no lee la médica azul
moro sesi moro disa seza gope riga,la gata no busca la maestra azul
moro mapa fefo posi gero gope,la médica busca el niño feliz
moro mapa moro sena seza bane,la médica mira la maestra verde
fefo gero moro disa mapa pefe riga,el niño no lleva la médica azul
moro seza moro disa sesi gope,la maestra busca la gata azul
fefo rino moro posi seza bane,el perro mira la maestra feliz
moro mapa moro ragi somi rizo,la médica cuida la niña joven
moro mapa fefo sena rino zita,la médica encuentra el perro verde
fefo rino fefo sena zizi rizo,el perro cuida el jardinero verde
moro somi moro disa sesi gope,la niña busca la gata azul
fefo zizi moro povo mapa zita,el jardinero encuentra la médica grande
moro somi moro sena sesi pefe,la niña lleva la gata verde
fefo rino fefo disa zizi gope riga,el perro no busca el jardinero azul
moro somi fefo sena gero nava riga,la niña no lee el niño verde
fefo rino moro ragi seza gope riga,el perro no busca la maestra joven
fefo rino fefo povo gero nava riga,el perro no lee el niño grande
moro sesi fefo disa mefi rizo riga,la gata no cuida el músico azul
moro sesi fefo ragi rino gope,la gata busca el perro joven
fefo gero fefo posi rino nava riga,el niño no lee el perro feliz
moro seza moro ragi sesi zita riga,la maestra no encuentra la gata joven
fefo gero moro sena sesi zita,el niño encuentra la gata verde
fefo gero fefo ragi zizi pefe riga,el niño no lleva el jardinero joven
fefo mefi fefo rino rizo riga,el músico no cuida el perro
fefo mefi fefo zizi bane,el músico mira el jardinero
fefo zizi moro sesi bane,el jardinero mira la gata
fefo gero moro disa somi bane,el niño mira la niña azul
moro sesi moro disa mapa nava riga,la gata no lee la médica azul
moro somi moro mapa gope,la niña busca la médica
fefo gero fefo sena mefi rizo riga,el niño no cuida el músico verde
fefo zizi fefo posi mefi zita,el jardinero encuentra el músico feliz
moro mapa moro sena seza gope riga,la médica no busca la maestra verde
fefo mefi moro posi mapa rizo,el músico cuida la médica feliz
fefo zizi moro disa somi rizo,el jardinero cuida la niña azul
moro mapa fefo gero rizo riga,la médica no cuida el niño
fefo mefi fefo posi rino bane riga,el músico no mira el perro feliz
fefo mefi fefo rino bane riga,el músico no mira el perro
fefo rino moro sena seza rizo,el perro cuida la maestra verde
moro somi moro povo seza zita,la niña encuentra la maestra grande
fefo rino moro povo mapa zita,el perro encuentra la médica grande
moro mapa fefo posi mefi gope riga,la médica no busca el músico feliz
moro somi moro sena mapa bane,la niña mira la médica verde
moro somi moro mapa zita riga,la niña no encuentra la médica
moro somi fefo rino gope,la niña busca el perro
fefo zizi moro disa seza zita riga,el jardinero no encuentra la maestra azul
fefo zizi fefo povo gero pefe riga,el jardinero no lleva el niño grande
moro seza moro posi mapa gope,la maestra busca la médica feliz
moro somi fefo povo gero pefe riga,la niña no lleva el niño grande
moro seza moro disa sesi zita riga,la maestra no encuentra la gata azul
fefo mefi fefo rino gope,el músico busca el perro
fefo zizi fefo posi gero rizo riga,el jardinero no cuida el niño feliz
moro seza moro sena somi pefe riga,la maestra no lleva la niña verde
moro somi fefo povo zizi gope,la niña busca el jardinero grande
fefo mefi moro ragi mapa nava,el músico lee la médica joven
fefo zizi fefo gero bane,el jardinero mira el niño
fefo mefi moro disa seza zita,el músico encuentra la maestra azul
moro seza moro povo sesi zita,la maestra encuentra la gata grande
moro seza moro sena mapa zita riga,la maestra no encuentra la médica verde
fefo rino fefo posi gero nava,el perro lee el niño feliz
moro sesi fefo ragi gero nava riga,la gata no lee el niño joven
fefo zizi moro posi mapa zita riga,el jardinero no encuentra la médica feliz
moro mapa fefo rino bane,la médica mira el perro
moro mapa moro povo sesi rizo,la médica cuida la gata grande
moro mapa moro povo sesi nava,la médica lee la gata grande
fefo zizi moro disa somi rizo riga,el jardinero no cuida la niña azul
fefo rino fefo povo gero nava,el perro lee el niño grande
fefo rino moro povo mapa pefe,el perro lleva la médica grande
fefo gero moro seza pefe,el niño lleva la maestra
moro somi moro povo seza pefe riga,la niña no lleva la maestra grande
moro seza fefo sena zizi gope,la maestra busca el jardinero verde
moro sesi moro sena seza bane,la gata mira la maestra verde
moro sesi fefo sena zizi pefe,la gata lleva el jardinero verde
fefo zizi fefo sena mefi rizo riga,el jardinero no cuida el músico verde
fefo rino fefo sena gero rizo,el perro cuida el niño verde
fefo gero fefo povo rino nava riga,el niño no lee el perro grande
moro somi moro posi sesi pefe,la niña lleva la gata feliz
moro sesi moro sena somi zita riga,la gata no encuentra la niña verde
fefo mefi moro posi sesi zita,el músico encuentra la gata feliz
moro sesi fefo posi rino pefe riga,la gata no lleva el perro feliz
moro mapa moro somi zita,la médica encuentra la niña
fefo gero fefo povo mefi pefe riga,el niño no lleva el músico grande
fefo rino fefo sena mefi zita,el perro encuentra el músico verde
moro mapa moro ragi somi zita,la médica encuentra la niña joven
moro seza fefo sena gero gope riga,la maestra no busca el niño verde
moro mapa fefo gero pefe,la médica lleva el niño
fefo gero fefo ragi mefi zita,el niño encuentra el músico joven
moro seza moro disa sesi rizo,la maestra cuida la gata azul
moro sesi fefo posi zizi zita riga,la gata no encuentra el jardinero feliz
fefo zizi moro povo seza gope riga,el jardinero no busca la maestra grande
fefo mefi moro povo sesi nava riga,el músico no lee la gata grande
moro mapa fefo sena rino nava,la médica lee el perro verde
moro mapa moro sesi rizo,la médica cuida la gata
fefo zizi moro ragi mapa bane,el jardinero mira la médica joven
moro seza moro povo mapa nava,la maestra lee la médica grande
fefo gero moro posi somi gope riga,el niño no busca la niña feliz
moro mapa fefo zizi gope,la médica busca el jardinero
fefo mefi fefo ragi rino bane riga,el músico no mira el perro joven
moro sesi fefo posi rino bane riga,la gata no mira el perro feliz
fefo mefi fefo disa zizi nava,el músico lee el jardinero azul
fefo gero moro ragi sesi nava riga,el niño no lee la gata joven
moro sesi moro sena mapa zita riga,la gata no encuentra la médica verde
fefo gero moro posi mapa bane riga,el niño no mira la médica feliz
moro mapa fefo povo rino nava riga,la médica no lee el perro grande
fefo gero fefo disa mefi nava,el niño lee el músico azul
fefo rino fefo ragi gero gope,el perro busca el niño joven
fefo zizi fefo ragi mefi zita,el jardinero encuentra el músico joven
fefo mefi moro ragi seza bane,el músico mira la maestra joven
moro mapa moro disa sesi nava riga,la médica no lee la gata azul
fefo zizi fefo sena gero pefe riga,el jardinero no lleva el niño verde
fefo gero moro disa sesi pefe riga,el niño no lleva la gata azul
moro mapa moro disa sesi pefe riga,la médica no lleva la gata azul
fefo gero moro disa somi nava riga,el niño no lee la niña azul
moro somi moro posi seza bane,la niña mira la maestra feliz
moro seza fefo povo gero zita,la maestra encuentra el niño grande
moro sesi moro mapa bane riga,la gata no mira la médica
fefo zizi moro ragi mapa nava,el jardinero lee la médica joven
moro mapa moro sesi bane,la médica mira la gata
fefo zizi fefo posi gero pefe riga,el jardinero no lleva el niño feliz
moro mapa moro disa somi nava riga,la médica no lee la niña azul
moro mapa moro ragi somi gope,la médica busca la niña joven
moro seza moro somi bane riga,la maestra no mira la niña
moro seza moro ragi sesi gope riga,la maestra no busca la gata joven
moro seza fefo rino rizo,la maestra cuida el perro
fefo rino fefo gero zita,el perro encuentra el niño
moro mapa fefo sena zizi bane,la médica mira el jardinero verde
fefo rino fefo sena zizi gope riga,el perro no busca el jardinero verde
moro sesi moro posi seza rizo,la gata cuida la maestra feliz
moro sesi fefo sena mefi bane,la gata mira el músico verde
fefo gero fefo rino zita,el niño encuentra el perro
fefo gero fefo zizi gope riga,el niño no busca el jardinero
moro sesi fefo povo mefi nava riga,la gata no lee el músico grande
moro mapa moro disa sesi rizo,la médica cuida la gata azul
fefo zizi moro posi somi rizo riga,el jardinero no cuida la niña feliz
fefo rino moro posi somi pefe,el perro lleva la niña feliz
moro seza moro posi mapa gope riga,la maestra no busca la médica feliz
fefo zizi fefo disa rino rizo riga,el jardinero no cuida el perro azul
moro somi fefo disa gero pefe,la niña lleva el niño azul
fefo rino moro sena sesi rizo,el perro cuida la gata verde
fefo zizi moro povo mapa pefe riga,el jardinero no lleva la médica grande
fefo gero moro ragi seza nava riga,el niño no lee la maestra joven
moro somi fefo mefi zita,la niña encuentra el músico
fefo gero moro disa somi gope,el niño busca la niña azul
moro seza fefo gero bane riga,la maestra no mira el niño
moro seza moro sena mapa pefe,la maestra lleva la médica verde
moro seza fefo ragi zizi zita riga,la maestra no encuentra el jardinero joven
fefo mefi fefo gero gope,el músico busca el niño
moro seza moro mapa bane riga,la maestra no mira la médica
fefo gero fefo ragi rino rizo,el niño cuida el perro joven
moro sesi moro disa seza rizo riga,la gata no cuida la maestra azul
moro sesi moro somi nava,la gata lee la niña
moro mapa moro povo sesi bane,la médica mira la gata grande
fefo rino moro somi nava riga,el perro no lee la niña
fefo gero fefo disa rino gope riga,el niño no busca el perro azul
fefo gero fefo posi zizi rizo riga,el niño no cuida el jardinero feliz
moro somi fefo zizi gope,la niña busca el jardinero
fefo zizi moro posi somi pefe,el jardinero lleva la niña feliz
fefo mefi fefo disa rino pefe riga,el músico no lleva el perro azul
moro mapa moro posi somi zita riga,la médica no encuentra la niña feliz
fefo gero moro mapa rizo,el niño cuida la médica
moro sesi moro sena somi gope riga,la gata no busca la niña verde
fefo mefi moro ragi sesi nava riga,el músico no lee la gata joven
moro seza fefo sena gero bane,la maestra mira el niño verde
fefo gero fefo disa mefi zita,el niño encuentra el músico azul
moro sesi fefo sena mefi zita riga,la gata no encuentra el músico verde
moro somi moro ragi mapa nava,la niña lee la médica joven
fefo gero moro seza gope,el niño busca la maestra
fefo gero moro ragi seza zita riga,el niño no encuentra la maestra joven
fefo gero fefo zizi pefe riga,el niño no lleva el jardinero
fefo rino moro seza rizo riga,el perro no cuida la maestra
fefo mefi moro povo sesi pefe,el músico lleva la gata grande
fefo rino moro povo sesi gope,el perro busca la gata grande
fefo gero moro sena somi gope riga,el niño no busca la niña verde
moro sesi moro disa somi pefe riga,la gata no lleva la niña azul
moro mapa fefo disa gero rizo,la médica cuida el niño azul
fefo zizi moro ragi seza rizo riga,el jardinero no cuida la maestra joven
moro somi moro ragi seza rizo riga,la niña no cuida la maestra joven
fefo mefi fefo rino rizo,el músico cuida el perro
moro sesi fefo povo rino pefe riga,la gata no lleva el perro grande
fefo rino moro ragi mapa bane riga,el perro no mira la médica joven
moro seza moro disa somi bane riga,la maestra no mira la niña azul
moro mapa fefo ragi mefi gope,la médica busca el músico joven
fefo gero moro posi sesi nava riga,el niño no lee la gata feliz
fefo rino moro sena somi gope riga,el perro no busca la niña verde
fefo gero fefo posi zizi bane riga,el niño no mira el jardinero feliz
moro seza moro sesi rizo riga,la maestra no cuida la gata
fefo mefi fefo disa gero nava,el músico lee el niño azul
fefo zizi moro posi somi bane riga,el jardinero no mira la niña feliz
moro sesi fefo posi rino pefe,la gata lleva el perro feliz
moro mapa moro posi somi pefe,la médica lleva la niña feliz
moro mapa moro sena somi gope,la médica busca la niña verde
moro seza moro posi sesi rizo riga,la maestra no cuida la gata feliz
moro somi fefo zizi rizo riga,la niña no cuida el jardinero
fefo gero fefo povo mefi bane riga,el niño no mira el músico grande
moro seza fefo ragi rino nava riga,la maestra no lee el perro joven
moro somi fefo zizi pefe riga,la niña no lleva el jardinero
fefo gero moro povo seza rizo riga,el niño no cuida la maestra grande
moro seza moro posi mapa zita,la maestra encuentra la médica feliz
fefo rino fefo povo zizi rizo riga,el perro no cuida el jardinero grande
moro somi fefo sena mefi gope riga,la niña no busca el músico verde
moro sesi fefo ragi mefi bane riga,la gata no mira el músico joven
fefo mefi moro posi seza nava riga,el músico no lee la maestra feliz
fefo gero moro sena sesi bane,el niño mira la gata verde
fefo gero moro povo mapa bane,el niño mira la médica grande
fefo mefi moro posi seza bane riga,el músico no mira la maestra feliz
moro seza fefo ragi mefi zita riga,la maestra no encuentra el músico joven
fefo mefi fefo povo zizi zita riga,el músico no encuentra el jardinero grande
fefo zizi moro ragi seza gope,el jardinero busca la maestra joven
moro mapa moro somi gope riga,la médica no busca la niña
fefo rino moro ragi mapa rizo,el perro cuida la médica joven
fefo mefi moro sena somi rizo,el músico cuida la niña verde
moro mapa fefo disa mefi zita,la médica encuentra el músico azul
fefo rino fefo ragi gero rizo,el perro cuida el niño joven
moro sesi fefo ragi gero gope riga,la gata no busca el niño joven
moro mapa fefo posi gero pefe,la médica lleva el niño feliz
moro mapa moro disa seza nava,la médica lee la maestra azul
moro sesi fefo posi mefi zita,la gata encuentra el músico feliz
fefo gero fefo posi rino rizo riga,el niño no cuida el perro feliz
fefo mefi fefo disa rino rizo,el músico cuida el perro azul
fefo gero moro disa mapa pefe,el niño lleva la médica azul
moro somi fefo posi gero zita,la niña encuentra el niño feliz
fefo rino fefo povo mefi pefe,el perro lleva el músico grande
moro somi fefo ragi gero pefe riga,la niña no lleva el niño joven
moro somi fefo ragi gero pefe,la niña lleva el niño joven
moro sesi moro ragi mapa pefe riga,la gata no lleva la médica joven
fefo mefi moro disa somi bane riga,el músico no mira la niña azul
fefo rino moro povo sesi pefe riga,el perro no lleva la gata grande
moro seza fefo povo gero bane,la maestra mira el niño grande
fefo zizi fefo povo rino pefe riga,el jardinero no lleva el perro grande
moro sesi fefo ragi mefi rizo riga,la gata no cuida el músico joven
moro sesi fefo disa gero rizo,la gata cuida el niño azul
fefo zizi moro povo mapa rizo,el jardinero cuida la médica grande
moro somi moro disa mapa gope riga,la niña no busca la médica azul
moro somi moro sesi pefe,la niña lleva la gata
moro somi fefo ragi rino pefe,la niña lleva el perro joven
moro somi fefo sena rino gope,la niña busca el perro verde
fefo rino fefo gero gope riga,el perro no busca el niño
fefo gero fefo povo zizi nava riga,el niño no lee el jardinero grande
moro somi fefo zizi nava,la niña lee el jardinero
moro mapa fefo ragi mefi bane riga,la médica no mira el músico joven
fefo mefi moro disa seza bane riga,el músico no mira la maestra azul
fefo zizi moro disa somi bane,el jardinero mira la niña azul
moro somi moro sena seza rizo riga,la niña no cuida la maestra verde
fefo rino moro sena sesi bane,el perro mira la gata verde
fefo mefi moro ragi seza nava riga,el músico no lee la maestra joven
moro seza fefo disa zizi gope,la maestra busca el jardinero azul
moro seza moro ragi sesi gope,la maestra busca la gata joven
moro seza fefo ragi gero rizo,la maestra cuida el niño joven
fefo gero fefo povo rino pefe riga,el niño no lleva el perro grande
fefo zizi moro posi seza zita riga,el jardinero no encuentra la maestra feliz
moro sesi moro posi somi gope,la gata busca la niña feliz
moro seza fefo rino bane,la maestra mira el perro
moro mapa moro seza gope riga,la médica no busca la maestra
moro mapa moro posi seza bane,la médica mira la maestra feliz
moro somi fefo povo mefi pefe riga,la niña no lleva el músico grande
fefo zizi fefo posi rino gope,el jardinero busca el perro feliz
fefo mefi fefo posi rino nava riga,el músico no lee el perro feliz
moro seza fefo disa rino nava riga,la maestra no lee el perro azul
moro sesi fefo povo rino nava,la gata lee el perro grande
fefo zizi fefo gero gope riga,el jardinero no busca el niño
fefo gero moro povo somi nava,el niño lee la niña grande
fefo zizi fefo ragi mefi nava riga,el jardinero no lee el músico joven
fefo rino fefo disa gero nava riga,el perro no lee el niño azul
moro mapa fefo sena mefi pefe riga,la médica no lleva el músico verde
fefo mefi moro ragi mapa pefe riga,el músico no lleva la médica joven
fefo rino fefo posi mefi gope riga,el perro no busca el músico feliz
moro sesi moro ragi mapa nava,la gata lee la médica joven
fefo rino moro disa somi pefe,el perro lleva la niña azul
moro sesi moro disa seza rizo,la gata cuida la maestra azul
fefo mefi moro povo sesi bane riga,el músico no mira la gata grande
moro somi moro sena seza zita,la niña encuentra la maestra verde
fefo rino fefo povo zizi bane,el perro mira el jardinero grande
fefo zizi moro posi somi nava riga,el jardinero no lee la niña feliz
moro seza moro ragi mapa zita,la maestra encuentra la médica joven
moro mapa moro somi nava,la médica lee la niña
fefo gero moro povo mapa gope,el niño busca la médica grande
moro sesi fefo sena rino pefe,la gata lleva el perro verde
moro mapa moro ragi sesi gope,la médica busca la gata joven
moro mapa moro posi seza rizo riga,la médica no cuida la maestra feliz
moro mapa moro povo seza rizo riga,la médica no cuida la maestra grande
fefo mefi fefo sena rino bane riga,el músico no mira el perro verde
moro seza moro somi pefe riga,la maestra no lleva la niña
moro sesi moro posi seza zita riga,la gata no encuentra la maestra feliz
fefo gero fefo disa rino bane riga,el niño no mira el perro azul
moro sesi moro povo mapa zita riga,la gata no encuentra la médica grande
fefo rino moro povo sesi gope riga,el perro no busca la gata grande
fefo zizi moro seza gope riga,el jardinero no busca la maestra
fefo zizi moro ragi seza pefe,el jardinero lleva la maestra joven
moro sesi moro disa somi zita,la gata encuentra la niña azul
moro somi fefo gero pefe riga,la niña no lleva el niño
moro seza moro disa somi nava riga,la maestra no lee la niña azul
moro mapa fefo disa rino zita,la médica encuentra el perro azul
moro mapa fefo posi zizi zita riga,la médica no encuentra el jardinero feliz
moro somi moro posi seza zita riga,la niña no encuentra la maestra feliz
moro seza fefo disa mefi gope riga,la maestra no busca el músico azul
moro somi moro povo mapa nava,la niña lee la médica grande
fefo rino moro sena mapa bane riga,el perro no mira la médica verde
fefo mefi moro sena somi pefe,el músico lleva la niña verde
moro mapa fefo disa zizi zita riga,la médica no encuentra el jardinero azul
moro sesi moro somi rizo riga,la gata no cuida la niña
moro sesi moro seza pefe riga,la gata no lleva la maestra
fefo gero fefo posi mefi rizo,el niño cuida el músico feliz
fefo mefi moro povo sesi nava,el músico lee la gata grande
fefo mefi fefo ragi rino zita,el músico encuentra el perro joven
moro somi fefo disa mefi bane riga,la niña no mira el músico azul
fefo rino moro posi sesi gope riga,el perro no busca la gata feliz
moro somi fefo ragi rino nava,la niña lee el perro joven
fefo gero fefo sena mefi pefe riga,el niño no lleva el músico verde
fefo zizi moro povo mapa pefe,el jardinero lleva la médica grande
fefo mefi fefo disa zizi pefe,el músico lleva el jardinero azul
moro somi fefo povo zizi pefe,la niña lleva el jardinero grande
moro mapa fefo posi rino nava,la médica lee el perro feliz
fefo zizi moro ragi somi gope,el jardinero busca la niña joven
moro seza moro sesi bane,la maestra mira la gata
moro mapa fefo sena zizi pefe,la médica lleva el jardinero verde
moro mapa moro sena somi pefe riga,la médica no lleva la niña verde
fefo mefi fefo gero rizo,el músico cuida el niño
fefo rino moro sena somi nava riga,el perro no lee la niña verde
fefo rino moro sena seza nava,el perro lee la maestra verde
fefo zizi moro posi somi gope,el jardinero busca la niña feliz
fefo mefi moro povo somi nava,el músico lee la niña grande
moro sesi moro disa somi rizo riga,la gata no cuida la niña azul
moro somi moro ragi mapa gope riga,la niña no busca la médica joven
fefo rino fefo disa gero nava,el perro lee el niño azul
fefo rino moro disa seza nava,el perro lee la maestra azul
moro mapa moro disa somi gope riga,la médica no busca la niña azul
fefo mefi fefo disa zizi rizo,el músico cuida el jardinero azul
fefo gero moro posi sesi pefe riga,el niño no lleva la gata feliz
fefo mefi moro posi sesi nava riga,el músico no lee la gata feliz
moro somi fefo povo mefi bane,la niña mira el músico grande
fefo zizi fefo ragi rino zita,el jardinero encuentra el perro joven
fefo mefi fefo sena rino rizo riga,el músico no cuida el perro verde
fefo mefi moro povo somi zita,el músico encuentra la niña grande
fefo mefi moro sena seza rizo riga,el músico no cuida la maestra verde
moro mapa fefo posi zizi bane,la médica mira el jardinero feliz
fefo mefi fefo ragi gero zita,el músico encuentra el niño joven
fefo gero moro disa sesi bane,el niño mira la gata azul
fefo zizi moro disa sesi gope riga,el jardinero no busca la gata azul
fefo gero moro disa seza pefe riga,el niño no lleva la maestra azul
moro sesi moro ragi somi zita,la gata encuentra la niña joven
moro sesi fefo povo gero nava,la gata lee el niño grande
fefo zizi moro disa seza bane,el jardinero mira la maestra azul
fefo gero moro somi pefe,el niño lleva la niña
moro seza fefo mefi gope riga,la maestra no busca el músico
moro sesi moro ragi somi bane,la gata mira la niña joven
fefo mefi moro disa sesi pefe,el músico lleva la gata azul
fefo mefi moro ragi mapa zita riga,el músico no encuentra la médica joven
fefo zizi fefo povo mefi gope riga,el jardinero no busca el músico grande
moro sesi fefo ragi gero zita riga,la gata no encuentra el niño joven
fefo gero moro posi mapa pefe,el niño lleva la médica feliz
moro seza fefo ragi gero bane,la maestra mira el niño joven
fefo mefi fefo posi zizi pefe riga,el músico no lleva el jardinero feliz
moro somi fefo gero zita,la niña encuentra el niño
fefo zizi fefo povo gero gope riga,el jardinero no busca el niño grande
moro sesi moro povo seza pefe riga,la gata no lleva la maestra grande
moro seza moro somi gope,la maestra busca la niña
moro somi fefo disa mefi nava riga,la niña no lee el músico azul
fefo rino moro povo sesi rizo riga,el perro no cuida la gata grande
fefo zizi moro posi somi nava,el jardinero lee la niña feliz
fefo mefi fefo ragi rino pefe riga,el músico no lleva el perro joven
fefo rino fefo zizi bane,el perro mira el jardinero
moro seza fefo povo rino pefe,la maestra lleva el perro grande
moro seza moro sesi pefe,la maestra lleva la gata
moro seza moro ragi somi gope,la maestra busca la niña joven
fefo zizi fefo disa mefi bane riga,el jardinero no mira el músico azul
moro sesi fefo mefi gope riga,la gata no busca el músico
moro sesi moro disa mapa bane riga,la gata no mira la médica azul
fefo mefi moro ragi somi zita,el músico encuentra la niña joven
moro somi moro sena seza gope,la niña busca la maestra verde
fefo zizi fefo disa rino nava,el jardinero lee el perro azul
fefo mefi fefo sena zizi zita riga,el músico no encuentra el jardinero verde
moro seza fefo disa zizi gope riga,la maestra no busca el jardinero azul
fefo rino fefo posi zizi pefe riga,el perro no lleva el jardinero feliz
moro somi fefo sena zizi zita riga,la niña no encuentra el jardinero verde
moro mapa moro disa seza gope,la médica busca la maestra azul
moro mapa moro ragi seza rizo riga,la médica no cuida la maestra joven
fefo gero moro sena sesi gope,el niño busca la gata verde
fefo gero moro sena seza gope riga,el niño no busca la maestra verde
fefo gero moro posi somi pefe riga,el niño no lleva la niña feliz
fefo zizi moro posi sesi zita,el jardinero encuentra la gata feliz
fefo zizi fefo sena rino bane,el jardinero mira el perro verde
moro seza moro sena somi nava riga,la maestra no lee la niña verde
fefo zizi moro povo seza pefe,el jardinero lleva la maestra grande
moro seza moro posi sesi pefe,la maestra lleva la gata feliz
moro somi fefo povo rino pefe,la niña lleva el perro grande
fefo zizi fefo sena mefi rizo,el jardinero cuida el músico verde
moro somi fefo disa mefi zita,la niña encuentra el músico azul
moro sesi fefo sena gero zita,la gata encuentra el niño verde
moro sesi fefo sena rino zita riga,la gata no encuentra el perro verde
moro somi fefo disa gero rizo riga,la niña no cuida el niño azul
moro mapa fefo sena rino pefe riga,la médica no lleva el perro verde
moro seza fefo ragi mefi gope riga,la maestra no busca el músico joven
fefo zizi moro posi sesi pefe,el jardinero lleva la gata feliz
moro sesi moro sena somi nava,la gata lee la niña verde
fefo rino moro povo sesi zita riga,el perro no encuentra la gata grande
fefo gero fefo ragi mefi pefe riga,el niño no lleva el músico joven
fefo gero fefo disa mefi bane,el niño mira el músico azul
fefo rino fefo posi mefi rizo riga,el perro no cuida el músico feliz
moro sesi fefo povo zizi nava,la gata lee el jardinero grande
fefo mefi moro disa somi zita,el músico encuentra la niña azul
fefo mefi moro disa seza zita riga,el músico no encuentra la maestra azul
fefo rino moro povo mapa bane,el perro mira la médica grande
fefo gero fefo rino zita riga,el niño no encuentra el perro
moro sesi fefo povo mefi pefe riga,la gata no lleva el músico grande
moro seza moro disa somi zita,la maestra encuentra la niña azul
fefo rino moro seza gope riga,el perro no busca la maestra
fefo zizi moro ragi somi rizo riga,el jardinero no cuida la niña joven
moro seza fefo povo gero bane riga,la maestra no mira el niño grande
fefo rino fefo zizi bane riga,el perro no mira el jardinero
fefo gero moro povo seza nava riga,el niño no lee la maestra grande
fefo gero moro somi bane riga,el niño no mira la niña
moro somi fefo povo rino zita riga,la niña no encuentra el perro grande
fefo gero moro posi mapa zita,el niño encuentra la médica feliz
fefo zizi fefo disa gero zita,el jardinero encuentra el niño azul
fefo rino fefo povo gero bane,el perro mira el niño grande
fefo gero fefo posi mefi gope,el niño busca el músico feliz
fefo zizi moro ragi somi bane,el jardinero mira la niña joven
moro mapa fefo sena zizi gope riga,la médica no busca el jardinero verde
moro seza fefo zizi nava,la maestra lee el jardinero
moro mapa fefo posi zizi bane riga,la médica no mira el jardinero feliz
fefo rino fefo zizi nava,el perro lee el jardinero
fefo zizi fefo disa gero zita riga,el jardinero no encuentra el niño azul
moro seza fefo disa gero pefe,la maestra lleva el niño azul
moro somi fefo ragi zizi zita,la niña encuentra el jardinero joven
moro mapa fefo povo mefi nava riga,la médica no lee el músico grande
moro sesi fefo ragi gero bane,la gata mira el niño joven
fefo zizi moro disa seza pefe,el jardinero lleva la maestra azul
moro sesi moro disa mapa gope,la gata busca la médica azul
moro sesi fefo ragi zizi rizo riga,la gata no cuida el jardinero joven
fefo rino moro seza zita riga,el perro no encuentra la maestra
fefo rino moro sesi rizo riga,el perro no cuida la gata
moro sesi fefo disa mefi nava riga,la gata no lee el músico azul
fefo zizi moro ragi somi nava,el jardinero lee la niña joven
fefo zizi moro sena mapa gope riga,el jardinero no busca la médica verde
fefo mefi moro disa sesi bane,el músico mira la gata azul
moro sesi fefo gero nava riga,la gata no lee el niño
fefo mefi moro povo somi nava riga,el músico no lee la niña grande
fefo zizi moro ragi mapa bane riga,el jardinero no mira la médica joven
fefo mefi fefo zizi rizo riga,el músico no cuida el jardinero
moro somi moro povo sesi rizo,la niña cuida la gata grande
moro mapa fefo ragi gero gope,la médica busca el niño joven
moro sesi moro ragi mapa zita riga,la gata no encuentra la médica joven
moro sesi fefo posi rino nava riga,la gata no lee el perro feliz
fefo mefi fefo gero zita riga,el músico no encuentra el niño
moro seza fefo ragi mefi rizo riga,la maestra no cuida el músico joven
moro mapa moro sena seza rizo,la médica cuida la maestra verde
moro mapa fefo posi gero zita,la médica encuentra el niño feliz
fefo gero moro sena sesi nava,el niño lee la gata verde
fefo rino fefo sena gero bane riga,el perro no mira el niño verde
fefo mefi fefo povo gero pefe,el músico lleva el niño grande
moro seza fefo mefi rizo riga,la maestra no cuida el músico
moro mapa moro posi somi nava riga,la médica no lee la niña feliz
moro somi fefo posi mefi rizo,la niña cuida el músico feliz
moro mapa fefo povo rino bane,la médica mira el perro grande
fefo rino moro ragi sesi zita riga,el perro no encuentra la gata joven
moro sesi moro disa mapa pefe,la gata lleva la médica azul
fefo zizi moro sena seza gope,el jardinero busca la maestra verde
moro mapa moro ragi seza bane,la médica mira la maestra joven
fefo mefi fefo sena gero zita riga,el músico no encuentra el niño verde
moro mapa fefo zizi bane riga,la médica no mira el jardinero
fefo rino fefo ragi gero zita,el perro encuentra el niño joven
fefo zizi fefo gero bane riga,el jardinero no mira el niño
moro seza fefo povo rino gope riga,la maestra no busca el perro grande
moro mapa fefo sena gero gope,la médica busca el niño verde
moro sesi fefo ragi zizi rizo,la gata cuida el jardinero joven
fefo mefi moro disa mapa rizo,el músico cuida la médica azul
fefo gero moro disa sesi gope,el niño busca la gata azul
moro sesi fefo sena mefi nava,la gata lee el músico verde
fefo gero fefo povo mefi nava,el niño lee el músico grande
moro seza fefo sena rino gope riga,la maestra no busca el perro verde
fefo zizi fefo posi mefi bane riga,el jardinero no mira el músico feliz
moro mapa fefo disa gero bane,la médica mira el niño azul
fefo zizi moro sena somi zita,el jardinero encuentra la niña verde
fefo gero moro ragi somi rizo,el niño cuida la niña joven
moro seza fefo gero bane,la maestra mira el niño
moro seza fefo povo gero gope riga,la maestra no busca el niño grande
moro sesi moro somi zita,la gata encuentra la niña
fefo rino moro povo mapa zita riga,el perro no encuentra la médica grande
fefo rino moro ragi mapa gope,el perro busca la médica joven
fefo zizi moro povo mapa bane riga,el jardinero no mira la médica grande
fefo rino fefo povo zizi pefe,el perro lleva el jardinero grande
fefo gero moro ragi seza gope,el niño busca la maestra joven
moro somi fefo posi zizi zita riga,la niña no encuentra el jardinero feliz
fefo gero moro posi sesi rizo,el niño cuida la gata feliz
fefo gero fefo ragi mefi bane riga,el niño no mira el músico joven
fefo zizi moro sena mapa bane riga,el jardinero no mira la médica verde
fefo zizi moro disa mapa zita,el jardinero encuentra la médica azul
fefo gero moro seza zita,el niño encuentra la maestra
moro mapa moro posi sesi zita riga,la médica no encuentra la gata feliz
moro seza fefo posi zizi zita,la maestra encuentra el jardinero feliz
moro sesi fefo ragi zizi zita,la gata encuentra el jardinero joven
moro seza fefo ragi rino zita riga,la maestra no encuentra el perro joven
fefo mefi moro ragi seza gope,el músico busca la maestra joven
fefo mefi moro sena mapa rizo riga,el músico no cuida la médica verde
fefo gero moro sena mapa rizo riga,el niño no cuida la médica verde
fefo mefi fefo povo zizi pefe riga,el músico no lleva el jardinero grande
fefo mefi moro disa somi gope,el músico busca la niña azul
moro mapa moro seza zita riga,la médica no encuentra la maestra
fefo zizi moro disa somi zita riga,el jardinero no encuentra la niña azul
moro somi moro sena seza rizo,la niña cuida la maestra verde
moro sesi fefo povo rino zita,la gata encuentra el perro grande
fefo gero fefo disa zizi bane,el niño mira el jardinero azul
moro seza fefo ragi gero pefe riga,la maestra no lleva el niño joven
moro somi moro sena seza pefe riga,la niña no lleva la maestra verde
moro mapa fefo disa rino bane riga,la médica no mira el perro azul
fefo rino moro povo sesi nava,el perro lee la gata grande
moro mapa moro disa somi pefe,la médica lleva la niña azul
fefo rino fefo disa mefi bane riga,el perro no mira el músico azul
moro somi moro sesi zita,la niña encuentra la gata
fefo mefi moro somi rizo riga,el músico no cuida la niña
moro seza moro sesi zita riga,la maestra no encuentra la gata
fefo zizi fefo gero gope,el jardinero busca el niño
fefo rino fefo ragi gero bane riga,el perro no mira el niño joven
fefo gero fefo mefi gope riga,el niño no busca el músico
fefo rino moro sesi zita riga,el perro no encuentra la gata
fefo zizi moro posi mapa gope,el jardinero busca la médica feliz
moro mapa moro posi seza pefe riga,la médica no lleva la maestra feliz
fefo gero fefo povo zizi bane riga,el niño no mira el jardinero grande
fefo rino moro mapa zita,el perro encuentra la médica
fefo mefi moro ragi mapa zita,el músico encuentra la médica joven
fefo zizi moro sena sesi rizo riga,el jardinero no cuida la gata verde
fefo gero moro ragi somi nava,el niño lee la niña joven
moro seza fefo ragi rino bane riga,la maestra no mira el perro joven
moro sesi fefo sena mefi gope,la gata busca el músico verde
moro mapa moro disa somi zita,la médica encuentra la niña azul
fefo zizi moro mapa bane riga,el jardinero no mira la médica
fefo rino moro posi seza pefe riga,el perro no lleva la maestra feliz
moro mapa fefo disa gero bane riga,la médica no mira el niño azul
fefo rino moro disa somi bane,el perro mira la niña azul
fefo mefi moro ragi mapa bane,el músico mira la médica joven
fefo mefi moro posi somi pefe,el músico lleva la niña feliz
moro sesi moro posi mapa zita riga,la gata no encuentra la médica feliz
moro somi fefo disa zizi gope,la niña busca el jardinero azul
moro somi fefo sena rino zita riga,la niña no encuentra el perro verde
fefo mefi fefo disa zizi pefe riga,el músico no lleva el jardinero azul
moro mapa moro posi sesi pefe,la médica lleva la gata feliz
fefo mefi fefo sena zizi gope riga,el músico no busca el jardinero verde
moro seza moro somi gope riga,la maestra no busca la niña
fefo mefi moro disa mapa bane,el músico mira la médica azul
moro mapa moro sesi nava,la médica lee la gata
moro mapa fefo ragi gero bane,la médica mira el niño joven
moro mapa fefo ragi mefi gope riga,la médica no busca el músico joven
fefo mefi moro posi mapa gope riga,el músico no busca la médica feliz
fefo mefi moro povo somi pefe riga,el músico no lleva la niña grande
moro sesi fefo povo gero bane riga,la gata no mira el niño grande
fefo mefi moro posi sesi zita riga,el músico no encuentra la gata feliz
fefo zizi moro povo mapa rizo riga,el jardinero no cuida la médica grande
fefo mefi fefo ragi gero zita riga,el músico no encuentra el niño joven
moro somi moro mapa nava riga,la niña no lee la médica
moro seza moro posi sesi zita,la maestra encuentra la gata feliz
fefo gero moro disa mapa rizo,el niño cuida la médica azul
fefo rino moro posi somi zita riga,el perro no encuentra la niña feliz
fefo zizi fefo rino bane riga,el jardinero no mira el perro
fefo zizi moro povo seza zita,el jardinero encuentra la maestra grande
fefo gero moro mapa gope,el niño busca la médica
fefo gero moro mapa pefe riga,el niño no lleva la médica
fefo gero moro sena seza bane riga,el niño no mira la maestra verde
fefo mefi fefo posi rino gope,el músico busca el perro feliz
moro somi moro povo mapa zita riga,la niña no encuentra la médica grande
fefo gero fefo povo rino zita,el niño encuentra el perro grande
moro mapa fefo povo zizi nava,la médica lee el jardinero grande
moro somi fefo povo zizi bane,la niña mira el jardinero grande
moro mapa fefo povo gero nava riga,la médica no lee el niño grande
moro seza moro sena sesi bane,la maestra mira la gata verde
moro seza fefo povo gero rizo,la maestra cuida el niño grande
moro seza moro sena somi zita,la maestra encuentra la niña verde
fefo gero fefo sena rino bane riga,el niño no mira el perro verde
fefo mefi moro ragi sesi nava,el músico lee la gata joven
fefo mefi moro povo somi gope,el músico busca la niña grande
fefo rino moro disa somi zita,el perro encuentra la niña azul
fefo zizi fefo disa rino gope,el jardinero busca el perro azul
fefo mefi moro posi sesi pefe,el músico lleva la gata feliz
moro seza fefo posi gero rizo,la maestra cuida el niño feliz
moro mapa fefo povo mefi pefe,la médica lleva el músico grande
moro sesi fefo posi gero bane,la gata mira el niño feliz
moro mapa fefo posi gero pefe riga,la médica no lleva el niño feliz
moro seza fefo zizi bane riga,la maestra no mira el jardinero
moro sesi moro ragi somi rizo,la gata cuida la niña joven
fefo zizi moro sena seza bane,el jardinero mira la maestra verde
fefo zizi moro ragi somi rizo,el jardinero cuida la niña joven
fefo mefi fefo posi gero pefe,el músico lleva el niño feliz
moro seza fefo ragi zizi pefe,la maestra lleva el jardinero joven
fefo mefi moro sesi pefe,el músico lleva la gata
moro mapa fefo povo mefi bane,la médica mira el músico grande
moro somi moro povo seza nava,la niña lee la maestra grande
fefo mefi fefo sena rino pefe,el músico lleva el perro verde
fefo rino fefo ragi zizi pefe,el perro lleva el jardinero joven
fefo zizi moro ragi somi pefe,el jardinero lleva la niña joven
fefo gero moro disa seza gope,el niño busca la maestra azul
moro seza fefo posi mefi zita,la maestra encuentra el músico feliz
fefo zizi moro mapa pefe,el jardinero lleva la médica
fefo gero fefo povo rino bane riga,el niño no mira el perro grande
fefo gero moro sena mapa zita,el niño encuentra la médica verde
fefo rino moro posi sesi zita,el perro encuentra la gata feliz
moro somi fefo ragi mefi zita,la niña encuentra el músico joven
fefo mefi moro disa seza pefe riga,el músico no lleva la maestra azul
moro seza fefo disa mefi rizo riga,la maestra no cuida el músico azul
moro seza fefo sena rino rizo riga,la maestra no cuida el perro verde
fefo gero fefo posi zizi pefe,el niño lleva el jardinero feliz
fefo gero moro povo mapa pefe riga,el niño no lleva la médica grande
fefo mefi moro povo sesi rizo,el músico cuida la gata grande
fefo zizi fefo posi gero nava riga,el jardinero no lee el niño feliz
fefo rino fefo sena gero bane,el perro mira el niño verde
fefo rino moro ragi mapa gope riga,el perro no busca la médica joven
moro sesi fefo disa mefi gope riga,la gata no busca el músico azul
fefo mefi fefo posi gero nava,el músico lee el niño feliz
fefo mefi moro ragi somi nava,el músico lee la niña joven
fefo rino moro disa mapa nava,el perro lee la médica azul
moro sesi fefo disa mefi rizo,la gata cuida el músico azul
fefo mefi fefo posi zizi gope,el músico busca el jardinero feliz
fefo gero moro posi sesi bane,el niño mira la gata feliz
moro somi fefo disa gero zita,la niña encuentra el niño azul
fefo gero moro seza zita riga,el niño no encuentra la maestra
moro sesi fefo disa mefi gope,la gata busca el músico azul
fefo zizi moro somi rizo riga,el jardinero no cuida la niña
fefo rino moro posi sesi gope,el perro busca la gata feliz
moro seza moro disa mapa nava riga,la maestra no lee la médica azul
fefo rino moro sena somi nava,el perro lee la niña verde
moro seza fefo disa rino bane riga,la maestra no mira el perro azul
moro sesi fefo ragi rino bane riga,la gata no mira el perro joven
moro seza moro sena somi rizo,la maestra cuida la niña verde
fefo mefi fefo posi rino zita,el músico encuentra el perro feliz
fefo mefi moro sena somi nava,el músico lee la niña verde
fefo rino moro posi somi bane,el perro mira la niña feliz
moro sesi fefo posi rino gope riga,la gata no busca el perro feliz
fefo rino moro posi seza zita,el perro encuentra la maestra feliz
fefo mefi fefo zizi bane riga,el músico no mira el jardinero
moro seza fefo sena zizi rizo riga,la maestra no cuida el jardinero verde
moro sesi fefo povo mefi gope,la gata busca el músico grande
moro mapa moro ragi seza rizo,la médica cuida la maestra joven
fefo zizi moro somi nava riga,el jardinero no lee la niña
fefo mefi moro sena sesi bane riga,el músico no mira la gata verde
moro sesi moro ragi somi nava,la gata lee la niña joven
fefo zizi fefo povo mefi gope,el jardinero busca el músico grande
fefo zizi fefo ragi rino nava,el jardinero lee el perro joven
moro sesi fefo ragi gero gope,la gata busca el niño joven
moro mapa moro sena seza rizo riga,la médica no cuida la maestra verde
fefo zizi moro disa sesi zita,el jardinero encuentra la gata azul
moro seza moro sena somi bane riga,la maestra no mira la niña verde
fefo mefi moro sena seza gope riga,el músico no busca la maestra verde
fefo rino moro sena seza bane,el perro mira la maestra verde
moro somi fefo disa gero zita riga,la niña no encuentra el niño azul
fefo mefi moro ragi sesi rizo,el músico cuida la gata joven
fefo mefi fefo rino pefe,el músico lleva el perro
fefo gero moro ragi seza pefe,el niño lleva la maestra joven
moro somi moro posi sesi gope,la niña busca la gata feliz
fefo gero moro posi sesi bane riga,el niño no mira la gata feliz
fefo rino fefo disa gero bane,el perro mira el niño azul
fefo rino fefo disa zizi pefe,el perro lleva el jardinero azul
fefo rino moro posi seza nava riga,el perro no lee la maestra feliz
fefo rino moro ragi seza zita,el perro encuentra la maestra joven
moro somi moro posi seza nava,la niña lee la maestra feliz
moro seza moro povo sesi bane riga,la maestra no mira la gata grande
fefo gero moro seza bane riga,el niño no mira la maestra
fefo mefi moro disa mapa zita,el músico encuentra la médica azul
moro somi moro sesi gope riga,la niña no busca la gata
moro seza moro sena mapa gope riga,la maestra no busca la médica verde
moro somi fefo sena mefi nava riga,la niña no lee el músico verde
fefo mefi moro posi sesi nava,el músico lee la gata feliz
fefo zizi moro povo sesi rizo,el jardinero cuida la gata grande
moro sesi moro somi bane riga,la gata no mira la niña
moro seza moro disa mapa gope,la maestra busca la médica azul
fefo rino fefo sena zizi gope,el perro busca el jardinero verde
moro sesi fefo povo gero pefe,la gata lleva el niño grande
moro mapa moro somi bane riga,la médica no mira la niña
fefo gero moro disa seza gope riga,el niño no busca la maestra azul
moro mapa fefo ragi gero gope riga,la médica no busca el niño joven
moro sesi fefo posi zizi gope riga,la gata no busca el jardinero feliz
fefo rino moro posi seza rizo riga,el perro no cuida la maestra feliz
moro somi moro posi mapa bane riga,la niña no mira la médica feliz
fefo mefi moro mapa zita riga,el músico no encuentra la médica
fefo rino moro seza pefe riga,el perro no lleva la maestra
fefo gero fefo posi mefi pefe,el niño lleva el músico feliz
moro somi moro povo seza zita riga,la niña no encuentra la maestra grande
fefo mefi moro povo mapa gope riga,el músico no busca la médica grande
moro somi moro disa sesi zita riga,la niña no encuentra la gata azul
moro seza moro disa somi rizo riga,la maestra no cuida la niña azul
moro somi moro sena mapa bane riga,la niña no mira la médica verde
moro seza moro sesi gope,la maestra busca la gata
fefo mefi moro somi rizo,el músico cuida la niña
fefo rino moro sena seza nava riga,el perro no lee la maestra verde
moro mapa fefo rino pefe,la médica lleva el perro
fefo mefi moro ragi mapa rizo,el músico cuida la médica joven
moro sesi fefo povo mefi bane riga,la gata no mira el músico grande
moro seza moro sena somi gope riga,la maestra no busca la niña verde
moro sesi fefo posi rino nava,la gata lee el perro feliz
fefo rino moro povo somi zita riga,el perro no encuentra la niña grande
moro seza fefo disa rino zita riga,la maestra no encuentra el perro azul
moro seza moro disa somi pefe riga,la maestra no lleva la niña azul
fefo gero fefo disa rino pefe riga,el niño no lleva el perro azul
moro somi moro disa mapa bane,la niña mira la médica azul
fefo zizi fefo gero rizo,el jardinero cuida el niño
fefo gero moro povo sesi rizo riga,el niño no cuida la gata grande
moro somi moro seza bane,la niña mira la maestra
moro somi fefo povo zizi rizo riga,la niña no cuida el jardinero grande
fefo gero fefo ragi mefi bane,el niño mira el músico joven
moro mapa moro disa seza rizo riga,la médica no cuida la maestra azul
fefo zizi fefo disa mefi nava riga,el jardinero no lee el músico azul
moro sesi moro ragi seza bane riga,la gata no mira la maestra joven
fefo gero moro posi mapa zita riga,el niño no encuentra la médica feliz
fefo gero moro ragi mapa nava riga,el niño no lee la médica joven
fefo zizi fefo sena gero nava riga,el jardinero no lee el niño verde
moro sesi fefo posi mefi gope riga,la gata no busca el músico feliz
fefo rino moro sena mapa zita riga,el perro no encuentra la médica verde
fefo zizi moro disa somi nava,el jardinero lee la niña azul
moro sesi moro posi mapa pefe,la gata lleva la médica feliz
moro sesi fefo sena mefi rizo,la gata cuida el músico verde
moro seza moro posi somi nava riga,la maestra no lee la niña feliz
fefo gero fefo povo mefi zita,el niño encuentra el músico grande
moro sesi fefo mefi gope,la gata busca el músico
fefo zizi fefo gero rizo riga,el jardinero no cuida el niño
moro seza moro disa mapa bane,la maestra mira la médica azul
moro seza moro ragi sesi bane,la maestra mira la gata joven
fefo zizi moro posi mapa bane,el jardinero mira la médica feliz
fefo zizi moro povo somi zita,el jardinero encuentra la niña grande
fefo rino moro disa sesi zita riga,el perro no encuentra la gata azul
moro somi moro ragi sesi nava,la niña lee la gata joven
fefo zizi moro posi sesi rizo,el jardinero cuida la gata feliz
moro seza moro posi sesi pefe riga,la maestra no lleva la gata feliz
moro somi fefo disa zizi nava riga,la niña no lee el jardinero azul
moro somi moro disa mapa pefe riga,la niña no lleva la médica azul
fefo gero moro posi mapa nava,el niño lee la médica feliz
moro seza fefo sena zizi nava,la maestra lee el jardinero verde
moro seza fefo sena rino bane,la maestra mira el perro verde
fefo rino fefo ragi zizi zita riga,el perro no encuentra el jardinero joven
moro seza moro disa somi gope riga,la maestra no busca la niña azul
moro somi moro povo sesi bane,la niña mira la gata grande
fefo gero moro ragi sesi pefe riga,el niño no lleva la gata joven
moro seza moro somi nava,la maestra lee la niña
moro seza fefo posi mefi zita riga,la maestra no encuentra el músico feliz
moro sesi moro mapa pefe,la gata lleva la médica
fefo mefi moro posi somi rizo riga,el músico no cuida la niña feliz
moro somi fefo posi gero pefe riga,la niña no lleva el niño feliz
fefo mefi fefo gero nava riga,el músico no lee el niño
moro somi fefo ragi mefi bane riga,la niña no mira el músico joven
fefo zizi fefo povo rino nava riga,el jardinero no lee el perro grande
fefo rino moro sena seza rizo riga,el perro no cuida la maestra verde
moro seza fefo zizi gope riga,la maestra no busca el jardinero
fefo mefi moro povo seza gope riga,el músico no busca la maestra grande
moro seza moro sena mapa zita,la maestra encuentra la médica verde
moro sesi moro sena seza rizo,la gata cuida la maestra verde
fefo rino moro povo somi pefe riga,el perro no lleva la niña grande
moro sesi moro sena mapa nava,la gata lee la médica verde
moro sesi moro disa seza bane,la gata mira la maestra azul
fefo zizi fefo ragi gero bane,el jardinero mira el niño joven
fefo rino moro povo sesi nava riga,el perro no lee la gata grande
fefo zizi fefo povo gero rizo,el jardinero cuida el niño grande
fefo gero moro ragi sesi rizo,el niño cuida la gata joven
fefo zizi fefo posi rino pefe,el jardinero lleva el perro feliz
fefo mefi moro sena mapa pefe riga,el músico no lleva la médica verde
moro somi fefo povo zizi zita,la niña encuentra el jardinero grande
moro sesi fefo rino zita riga,la gata no encuentra el perro
moro sesi fefo ragi mefi gope,la gata busca el músico joven
moro somi moro povo mapa zita,la niña encuentra la médica grande
moro mapa moro disa somi nava,la médica lee la niña azul
moro somi fefo sena gero rizo,la niña cuida el niño verde
moro sesi moro povo seza bane,la gata mira la maestra grande
moro somi moro seza bane riga,la niña no mira la maestra
fefo mefi moro povo seza pefe,el músico lleva la maestra grande
moro seza fefo disa mefi bane,la maestra mira el músico azul
moro somi moro sena mapa zita riga,la niña no encuentra la médica verde
moro seza fefo sena gero rizo,la maestra cuida el niño verde
moro seza fefo povo mefi gope riga,la maestra no busca el músico grande
moro seza fefo disa rino pefe riga,la maestra no lleva el perro azul
moro sesi moro posi seza nava riga,la gata no lee la maestra feliz
moro somi moro ragi sesi gope,la niña busca la gata joven
fefo gero fefo sena mefi rizo,el niño cuida el músico verde
fefo rino moro posi mapa zita riga,el perro no encuentra la médica feliz
moro somi fefo zizi zita,la niña encuentra el jardinero
moro seza moro posi mapa pefe,la maestra lleva la médica feliz
fefo zizi moro posi somi zita,el jardinero encuentra la niña feliz
fefo zizi moro ragi sesi gope,el jardinero busca la gata joven
moro sesi fefo mefi pefe riga,la gata no lleva el músico
moro mapa moro sena somi rizo riga,la médica no cuida la niña verde
fefo rino moro sena mapa pefe riga,el perro no lleva la médica verde
fefo gero moro posi seza rizo riga,el niño no cuida la maestra feliz
moro sesi moro posi somi gope riga,la gata no busca la niña feliz
moro somi fefo posi gero rizo,la niña cuida el niño feliz
moro mapa fefo povo mefi zita riga,la médica no encuentra el músico grande
moro sesi fefo povo gero pefe riga,la gata no lleva el niño grande
moro mapa moro sesi rizo riga,la médica no cuida la gata
moro mapa fefo disa zizi nava,la médica lee el jardinero azul
fefo zizi fefo mefi pefe,el jardinero lleva el músico
moro somi fefo disa zizi zita riga,la niña no encuentra el jardinero azul
fefo gero fefo povo rino pefe,el niño lleva el perro grande
fefo zizi moro sena mapa pefe riga,el jardinero no lleva la médica verde
fefo gero moro sena somi rizo,el niño cuida la niña verde
fefo gero moro posi somi rizo riga,el niño no cuida la niña feliz
moro seza fefo povo mefi pefe riga,la maestra no lleva el músico grande
moro mapa fefo gero gope riga,la médica no busca el niño
moro somi moro mapa bane riga,la niña no mira la médica
moro somi moro posi mapa zita riga,la niña no encuentra la médica feliz
moro sesi fefo zizi rizo,la gata cuida el jardinero
fefo gero fefo povo zizi rizo riga,el niño no cuida el jardinero grande
fefo zizi fefo disa gero rizo riga,el jardinero no cuida el niño azul
moro somi moro disa seza rizo riga,la niña no cuida la maestra azul
fefo gero fefo posi zizi nava,el niño lee el jardinero feliz
fefo rino moro somi gope,el perro busca la niña
moro sesi fefo disa gero pefe,la gata lleva el niño azul
moro seza fefo povo gero nava riga,la maestra no lee el niño grande
moro mapa fefo posi gero gope riga,la médica no busca el niño feliz
moro somi moro posi sesi nava,la niña lee la gata feliz
moro sesi moro disa somi nava,la gata lee la niña azul
moro sesi fefo mefi rizo,la gata cuida el músico
moro mapa fefo rino zita,la médica encuentra el perro
fefo rino fefo sena zizi zita,el perro encuentra el jardinero verde
fefo gero moro posi somi zita,el niño encuentra la niña feliz
fefo gero fefo zizi rizo,el niño cuida el jardinero
fefo mefi moro somi gope riga,el músico no busca la niña
moro sesi moro sena mapa nava riga,la gata no lee la médica verde
fefo zizi fefo ragi mefi gope,el jardinero busca el músico joven
fefo gero fefo zizi gope,el niño busca el jardinero
moro somi moro seza rizo riga,la niña no cuida la maestra
fefo zizi moro posi seza nava riga,el jardinero no lee la maestra feliz
moro mapa fefo disa rino zita riga,la médica no encuentra el perro azul
fefo zizi moro sena somi bane,el jardinero mira la niña verde
fefo gero moro seza rizo,el niño cuida la maestra
fefo rino moro somi gope riga,el perro no busca la niña
fefo mefi moro disa mapa zita riga,el músico no encuentra la médica azul
fefo zizi fefo povo gero gope,el jardinero busca el niño grande
fefo rino moro ragi mapa nava riga,el perro no lee la médica joven
fefo zizi fefo posi rino bane riga,el jardinero no mira el perro feliz
fefo zizi moro povo somi nava,el jardinero lee la niña grande
moro sesi moro povo mapa nava,la gata lee la médica grande
moro mapa moro disa seza nava riga,la médica no lee la maestra azul
fefo zizi moro somi rizo,el jardinero cuida la niña
fefo rino moro povo sesi rizo,el perro cuida la gata grande
fefo rino fefo sena gero gope riga,el perro no busca el niño verde
fefo rino moro disa mapa gope riga,el perro no busca la médica azul
moro sesi fefo ragi zizi pefe,la gata lleva el jardinero joven
fefo mefi fefo ragi rino bane,el músico mira el perro joven
moro seza moro ragi mapa rizo,la maestra cuida la médica joven
moro seza fefo ragi rino nava,la maestra lee el perro joven
moro somi fefo sena mefi zita,la niña encuentra el músico verde
moro mapa fefo povo rino pefe,la médica lleva el perro grande
moro somi fefo disa zizi nava,la niña lee el jardinero azul
fefo rino moro seza rizo,el perro cuida la maestra
moro mapa fefo povo mefi pefe riga,la médica no lleva el músico grande
fefo gero fefo disa mefi zita riga,el niño no encuentra el músico azul
moro seza fefo sena gero nava,la maestra lee el niño verde
fefo gero moro povo seza bane riga,el niño no mira la maestra grande
fefo gero fefo povo zizi pefe riga,el niño no lleva el jardinero grande
fefo mefi moro posi sesi rizo,el músico cuida la gata feliz
fefo mefi fefo disa rino gope riga,el músico no busca el perro azul
moro somi fefo posi zizi gope,la niña busca el jardinero feliz
moro sesi fefo zizi nava,la gata lee el jardinero
moro sesi moro povo somi gope riga,la gata no busca la niña grande
fefo rino moro disa sesi pefe,el perro lleva la gata azul
moro somi fefo ragi zizi pefe riga,la niña no lleva el jardinero joven
moro somi moro povo mapa pefe,la niña lleva la médica grande
moro sesi moro sena mapa zita,la gata encuentra la médica verde
fefo gero fefo povo zizi zita,el niño encuentra el jardinero grande
moro somi fefo sena gero gope,la niña busca el niño verde
moro sesi fefo posi mefi pefe riga,la gata no lleva el músico feliz
moro somi moro mapa pefe riga,la niña no lleva la médica
fefo rino fefo povo gero rizo,el perro cuida el niño grande
moro somi moro seza zita,la niña encuentra la maestra
fefo mefi fefo povo gero nava riga,el músico no lee el niño grande
moro seza fefo disa mefi zita riga,la maestra no encuentra el músico azul
moro somi fefo sena rino bane,la niña mira el perro verde
moro somi moro disa sesi rizo riga,la niña no cuida la gata azul
moro mapa moro sesi zita riga,la médica no encuentra la gata
fefo zizi fefo rino gope riga,el jardinero no busca el perro
fefo mefi moro disa mapa gope riga,el músico no busca la médica azul
fefo rino fefo ragi gero zita riga,el perro no encuentra el niño joven
fefo gero fefo sena zizi rizo riga,el niño no cuida el jardinero verde
moro seza moro ragi mapa bane riga,la maestra no mira la médica joven
fefo zizi moro sena mapa nava,el jardinero lee la médica verde
moro somi fefo sena zizi rizo,la niña cuida el jardinero verde
fefo gero moro disa mapa bane,el niño mira la médica azul
fefo mefi fefo ragi gero nava riga,el músico no lee el niño joven
fefo zizi fefo gero pefe riga,el jardinero no lleva el niño
moro seza fefo zizi zita riga,la maestra no encuentra el jardinero
fefo gero moro disa somi rizo riga,el niño no cuida la niña azul
fefo gero fefo sena zizi rizo,el niño cuida el jardinero verde
fefo zizi fefo ragi mefi gope riga,el jardinero no busca el músico joven
fefo mefi moro seza gope,el músico busca la maestra
moro seza fefo disa rino nava,la maestra lee el perro azul
fefo zizi moro seza zita riga,el jardinero no encuentra la maestra
fefo gero moro povo sesi zita riga,el niño no encuentra la gata grande
moro mapa moro povo somi gope riga,la médica no busca la niña grande
moro somi moro sena sesi rizo riga,la niña no cuida la gata verde
fefo zizi moro posi somi zita riga,el jardinero no encuentra la niña feliz
fefo rino moro ragi seza rizo,el perro cuida la maestra joven
moro mapa fefo posi rino zita riga,la médica no encuentra el perro feliz
fefo rino fefo povo zizi rizo,el perro cuida el jardinero grande
fefo mefi fefo povo zizi nava riga,el músico no lee el jardinero grande
moro sesi fefo zizi gope,la gata busca el jardinero
fefo mefi moro povo seza gope,el músico busca la maestra grande
moro mapa moro povo seza nava,la médica lee la maestra grande
moro seza fefo posi zizi rizo riga,la maestra no cuida el jardinero feliz
fefo mefi moro posi somi bane riga,el músico no mira la niña feliz
moro somi fefo posi rino pefe riga,la niña no lleva el perro feliz
fefo mefi moro seza rizo,el músico cuida la maestra
moro somi fefo posi zizi bane riga,la niña no mira el jardinero feliz
moro sesi moro povo mapa pefe,la gata lleva la médica grande
moro seza fefo posi mefi rizo,la maestra cuida el músico feliz
moro seza moro mapa pefe riga,la maestra no lleva la médica
fefo rino fefo sena zizi pefe riga,el perro no lleva el jardinero verde
fefo gero moro sena seza nava riga,el niño no lee la maestra verde
fefo rino moro disa seza gope,el perro busca la maestra azul
moro somi moro disa seza bane riga,la niña no mira la maestra azul
moro somi moro sena seza nava riga,la niña no lee la maestra verde
moro mapa fefo posi zizi gope,la médica busca el jardinero feliz
fefo gero moro disa sesi rizo,el niño cuida la gata azul
moro mapa fefo sena rino gope riga,la médica no busca el perro verde
moro somi moro disa mapa nava,la niña lee la médica azul
fefo rino moro disa somi zita riga,el perro no encuentra la niña azul
moro sesi fefo rino rizo riga,la gata no cuida el perro
moro somi moro sena mapa nava riga,la niña no lee la médica verde
fefo mefi moro sena mapa bane,el músico mira la médica verde
moro somi fefo zizi pefe,la niña lleva el jardinero
moro sesi fefo ragi gero nava,la gata lee el niño joven
moro mapa moro ragi sesi rizo,la médica cuida la gata joven
fefo gero fefo zizi zita,el niño encuentra el jardinero
fefo gero fefo sena rino zita,el niño encuentra el perro verde
fefo gero fefo zizi bane riga,el niño no mira el jardinero
moro mapa moro disa sesi zita,la médica encuentra la gata azul
fefo gero fefo ragi rino bane riga,el niño no mira el perro joven
moro somi fefo mefi pefe riga,la niña no lleva el músico
fefo gero moro posi mapa nava riga,el niño no lee la médica feliz
fefo gero moro povo somi gope riga,el niño no busca la niña grande
moro mapa fefo zizi bane,la médica mira el jardinero
moro sesi moro ragi mapa pefe,la gata lleva la médica joven
fefo rino fefo sena gero gope,el perro busca el niño verde
moro seza fefo sena zizi bane,la maestra mira el jardinero verde
fefo zizi fefo ragi rino pefe,el jardinero lleva el perro joven
moro mapa moro ragi seza zita riga,la médica no encuentra la maestra joven
fefo mefi moro sena sesi zita riga,el músico no encuentra la gata verde
moro sesi fefo ragi mefi nava riga,la gata no lee el músico joven
moro somi fefo posi rino pefe,la niña lleva el perro feliz
fefo gero moro sena sesi rizo,el niño cuida la gata verde
fefo mefi moro posi seza rizo,el músico cuida la maestra feliz
fefo gero fefo rino nava,el niño lee el perro
moro sesi fefo posi gero nava,la gata lee el niño feliz
fefo rino moro posi somi pefe riga,el perro no lleva la niña feliz
moro sesi fefo posi gero gope,la gata busca el niño feliz
fefo mefi fefo posi gero pefe riga,el músico no lleva el niño feliz
fefo mefi fefo ragi zizi pefe,el músico lleva el jardinero joven
moro mapa moro ragi sesi pefe riga,la médica no lleva la gata joven
fefo gero fefo sena zizi bane,el niño mira el jardinero verde
fefo mefi fefo gero zita,el músico encuentra el niño
moro somi fefo rino nava,la niña lee el perro
fefo zizi fefo povo rino rizo,el jardinero cuida el perro grande
fefo mefi moro posi somi gope,el músico busca la niña feliz
moro seza fefo ragi gero pefe,la maestra lleva el niño joven
moro seza fefo povo zizi zita,la maestra encuentra el jardinero grande
moro seza fefo sena mefi nava riga,la maestra no lee el músico verde
moro mapa moro disa sesi pefe,la médica lleva la gata azul
moro somi fefo sena gero pefe riga,la niña no lleva el niño verde
fefo zizi fefo ragi gero rizo,el jardinero cuida el niño joven
fefo mefi moro posi mapa nava,el músico lee la médica feliz
fefo zizi fefo sena rino pefe riga,el jardinero no lleva el perro verde
fefo gero moro ragi somi zita riga,el niño no encuentra la niña joven
moro somi moro povo seza gope,la niña busca la maestra grande
moro seza moro ragi somi bane riga,la maestra no mira la niña joven
fefo zizi fefo disa mefi pefe,el jardinero lleva el músico azul
moro seza moro disa sesi bane,la maestra mira la gata azul
moro mapa fefo ragi gero rizo riga,la médica no cuida el niño joven
fefo rino fefo zizi rizo riga,el perro no cuida el jardinero
fefo zizi moro disa somi pefe riga,el jardinero no lleva la niña azul
moro somi moro povo seza rizo,la niña cuida la maestra grande
moro mapa fefo posi gero rizo,la médica cuida el niño feliz
fefo rino moro posi somi gope,el perro busca la niña feliz
moro seza moro ragi sesi zita,la maestra encuentra la gata joven
moro seza moro posi mapa bane riga,la maestra no mira la médica feliz
fefo rino moro sena seza zita riga,el perro no encuentra la maestra verde
fefo zizi moro disa sesi nava,el jardinero lee la gata azul
fefo zizi moro povo sesi pefe,el jardinero lleva la gata grande
fefo zizi fefo sena mefi pefe,el jardinero lleva el músico verde
fefo gero fefo posi zizi pefe riga,el niño no lleva el jardinero feliz
fefo mefi fefo posi zizi bane,el músico mira el jardinero feliz
fefo zizi moro sena sesi bane riga,el jardinero no mira la gata verde
moro somi moro ragi seza bane riga,la niña no mira la maestra joven
moro seza moro povo mapa bane,la maestra mira la médica grande
fefo gero moro povo somi zita riga,el niño no encuentra la niña grande
fefo rino moro povo sesi bane,el perro mira la gata grande
fefo rino fefo disa zizi bane riga,el perro no mira el jardinero azul
moro sesi fefo disa rino bane riga,la gata no mira el perro azul
moro mapa fefo sena rino nava riga,la médica no lee el perro verde
moro mapa moro posi sesi nava riga,la médica no lee la gata feliz
moro mapa fefo sena rino gope,la médica busca el perro verde
moro sesi fefo povo zizi rizo riga,la gata no cuida el jardinero grande
fefo gero moro sena somi zita,el niño encuentra la niña verde
fefo mefi moro sena somi zita,el músico encuentra la niña verde
fefo mefi fefo ragi zizi gope riga,el músico no busca el jardinero joven
fefo gero fefo povo mefi pefe,el niño lleva el músico grande
moro sesi moro mapa rizo,la gata cuida la médica
fefo rino moro povo seza rizo,el perro cuida la maestra grande
fefo gero fefo sena mefi nava,el niño lee el músico verde
moro sesi fefo povo zizi rizo,la gata cuida el jardinero grande
moro mapa moro povo somi rizo,la médica cuida la niña grande
fefo zizi fefo povo mefi zita riga,el jardinero no encuentra el músico grande
fefo rino fefo ragi mefi pefe riga,el perro no lleva el músico joven
moro seza fefo rino nava riga,la maestra no lee el perro
moro sesi moro ragi somi pefe,la gata lleva la niña joven
fefo gero fefo disa rino bane,el niño mira el perro azul
fefo gero moro povo somi zita,el niño encuentra la niña grande
moro seza moro mapa rizo riga,la maestra no cuida la médica
moro mapa fefo posi zizi pefe,la médica lleva el jardinero feliz
fefo mefi fefo ragi gero gope riga,el músico no busca el niño joven
moro sesi fefo ragi mefi gope riga,la gata no busca el músico joven
fefo zizi fefo disa rino gope riga,el jardinero no busca el perro azul
moro seza moro posi somi rizo,la maestra cuida la niña feliz
moro seza fefo posi rino pefe,la maestra lleva el perro feliz
fefo gero moro disa somi pefe riga,el niño no lleva la niña azul
fefo gero fefo sena mefi nava riga,el niño no lee el músico verde
fefo mefi moro seza nava riga,el músico no lee la maestra
fefo mefi moro povo seza zita riga,el músico no encuentra la maestra grande
fefo gero moro sena mapa nava riga,el niño no lee la médica verde
moro seza fefo ragi zizi nava,la maestra lee el jardinero joven
fefo gero moro povo somi bane,el niño mira la niña grande
moro seza moro ragi mapa rizo riga,la maestra no cuida la médica joven
fefo mefi moro povo seza nava,el músico lee la maestra grande
moro sesi moro sena mapa rizo riga,la gata no cuida la médica verde
moro somi fefo sena zizi gope,la niña busca el jardinero verde
moro seza fefo gero zita,la maestra encuentra el niño
moro somi fefo disa gero bane riga,la niña no mira el niño azul
moro mapa moro povo seza bane riga,la médica no mira la maestra grande
moro seza moro sena mapa bane riga,la maestra no mira la médica verde
moro mapa fefo povo gero pefe,la médica lleva el niño grande
fefo mefi moro ragi sesi gope riga,el músico no busca la gata joven
fefo zizi moro sena mapa zita,el jardinero encuentra la médica verde
fefo zizi moro ragi mapa zita riga,el jardinero no encuentra la médica joven
moro mapa moro ragi seza bane riga,la médica no mira la maestra joven
fefo mefi moro posi seza nava,el músico lee la maestra feliz
moro somi moro posi mapa zita,la niña encuentra la médica feliz
fefo mefi moro disa sesi gope,el músico busca la gata azul
fefo mefi moro disa seza gope,el músico busca la maestra azul
fefo mefi moro ragi somi gope,el músico busca la niña joven
fefo gero fefo povo rino rizo riga,el niño no cuida el perro grande
moro seza fefo posi rino zita riga,la maestra no encuentra el perro feliz
fefo zizi moro sena somi pefe riga,el jardinero no lleva la niña verde
fefo rino moro ragi somi bane,el perro mira la niña joven
moro sesi moro ragi seza rizo riga,la gata no cuida la maestra joven
moro somi fefo disa mefi gope riga,la niña no busca el músico azul
fefo gero fefo mefi bane riga,el niño no mira el músico
moro sesi fefo disa zizi zita riga,la gata no encuentra el jardinero azul
fefo zizi fefo rino gope,el jardinero busca el perro
fefo mefi moro sena somi gope riga,el músico no busca la niña verde
fefo zizi moro povo seza bane riga,el jardinero no mira la maestra grande
fefo rino fefo posi gero pefe,el perro lleva el niño feliz
moro seza moro somi rizo,la maestra cuida la niña
fefo mefi fefo ragi zizi zita riga,el músico no encuentra el jardinero joven
moro somi moro povo seza pefe,la niña lleva la maestra grande
moro sesi moro ragi somi zita riga,la gata no encuentra la niña joven
moro somi fefo posi mefi nava riga,la niña no lee el músico feliz
moro sesi fefo povo mefi rizo,la gata cuida el músico grande
moro sesi fefo zizi bane,la gata mira el jardinero
moro mapa fefo gero zita,la médica encuentra el niño
moro somi fefo disa rino bane riga,la niña no mira el perro azul
fefo mefi fefo ragi zizi rizo,el músico cuida el jardinero joven
moro mapa fefo povo zizi pefe,la médica lleva el jardinero grande
fefo gero moro ragi sesi bane riga,el niño no mira la gata joven
moro sesi fefo ragi zizi bane riga,la gata no mira el jardinero joven
moro somi fefo sena gero gope riga,la niña no busca el niño verde
fefo rino moro sena mapa nava,el perro lee la médica verde
fefo zizi moro posi seza pefe riga,el jardinero no lleva la maestra feliz
fefo zizi moro sesi nava,el jardinero lee la gata
moro mapa fefo disa gero gope riga,la médica no busca el niño azul
fefo gero moro povo sesi bane,el niño mira la gata grande
moro sesi moro ragi mapa bane riga,la gata no mira la médica joven
fefo zizi moro somi pefe,el jardinero lleva la niña
fefo rino fefo zizi nava riga,el perro no lee el jardinero
fefo rino fefo mefi nava,el perro lee el músico
moro sesi moro disa seza zita,la gata encuentra la maestra azul
fefo mefi fefo disa rino pefe,el músico lleva el perro azul
fefo zizi moro posi mapa rizo riga,el jardinero no cuida la médica feliz
moro mapa moro posi sesi gope riga,la médica no busca la gata feliz
fefo zizi fefo ragi gero nava,el jardinero lee el niño joven
fefo mefi moro sena seza nava riga,el músico no lee la maestra verde
fefo mefi moro sena seza bane,el músico mira la maestra verde
fefo rino fefo povo mefi bane,el perro mira el músico grande
fefo gero fefo povo mefi gope,el niño busca el músico grande
fefo mefi moro povo somi gope riga,el músico no busca la niña grande
moro seza moro sesi gope riga,la maestra no busca la gata
fefo gero moro sena mapa nava,el niño lee la médica verde
fefo rino fefo ragi gero pefe riga,el perro no lleva el niño joven
moro sesi fefo disa zizi gope riga,la gata no busca el jardinero azul
moro mapa fefo sena rino rizo,la médica cuida el perro verde
moro sesi moro povo mapa nava riga,la gata no lee la médica grande
fefo mefi moro ragi somi bane riga,el músico no mira la niña joven
fefo rino fefo posi zizi nava,el perro lee el jardinero feliz
moro mapa fefo zizi gope riga,la médica no busca el jardinero
moro mapa fefo posi mefi pefe riga,la médica no lleva el músico feliz
fefo gero fefo ragi mefi rizo riga,el niño no cuida el músico joven
fefo mefi fefo posi zizi rizo riga,el músico no cuida el jardinero feliz
fefo zizi moro povo mapa nava,el jardinero lee la médica grande
fefo gero moro posi mapa gope,el niño busca la médica feliz
fefo mefi fefo posi zizi zita,el músico encuentra el jardinero feliz
moro mapa fefo gero nava riga,la médica no lee el niño
fefo mefi fefo sena zizi nava,el músico lee el jardinero verde
fefo gero moro posi seza zita,el niño encuentra la maestra feliz
fefo mefi moro disa seza gope riga,el músico no busca la maestra azul
moro mapa fefo disa gero zita riga,la médica no encuentra el niño azul
moro sesi moro ragi mapa nava riga,la gata no lee la médica joven
moro seza fefo ragi mefi pefe,la maestra lleva el músico joven
fefo zizi moro sena mapa rizo,el jardinero cuida la médica verde
moro somi fefo posi gero gope riga,la niña no busca el niño feliz
moro seza moro posi somi pefe,la maestra lleva la niña feliz
fefo rino fefo posi gero bane riga,el perro no mira el niño feliz
moro seza moro disa somi bane,la maestra mira la niña azul
moro mapa fefo sena gero rizo,la médica cuida el niño verde
moro somi fefo disa zizi gope riga,la niña no busca el jardinero azul
moro seza fefo zizi bane,la maestra mira el jardinero
moro sesi moro disa mapa pefe riga,la gata no lleva la médica azul
moro somi moro ragi seza pefe riga,la niña no lleva la maestra joven
fefo rino moro ragi mapa zita riga,el perro no encuentra la médica joven
fefo mefi moro povo somi rizo riga,el músico no cuida la niña grande
fefo rino moro ragi somi gope,el perro busca la niña joven
fefo rino fefo disa zizi rizo,el perro cuida el jardinero azul
moro somi moro ragi mapa zita,la niña encuentra la médica joven
moro somi moro posi seza gope,la niña busca la maestra feliz
fefo rino fefo mefi gope,el perro busca el músico
fefo rino moro posi seza nava,el perro lee la maestra feliz
moro seza moro disa sesi pefe riga,la maestra no lleva la gata azul
moro seza fefo sena mefi rizo riga,la maestra no cuida el músico verde
fefo rino fefo ragi mefi rizo riga,el perro no cuida el músico joven
moro seza moro disa mapa rizo riga,la maestra no cuida la médica azul
moro seza fefo zizi zita,la maestra encuentra el jardinero
fefo mefi fefo zizi zita riga,el músico no encuentra el jardinero
moro somi fefo ragi rino pefe riga,la niña no lleva el perro joven
fefo zizi moro povo somi gope,el jardinero busca la niña grande
fefo rino moro posi somi bane riga,el perro no mira la niña feliz
moro seza fefo ragi gero bane riga,la maestra no mira el niño joven
fefo mefi moro posi somi nava riga,el músico no lee la niña feliz
moro mapa fefo povo mefi rizo riga,la médica no cuida el músico grande
fefo gero moro ragi somi zita,el niño encuentra la niña joven
fefo gero moro ragi sesi bane,el niño mira la gata joven
moro seza fefo ragi zizi pefe riga,la maestra no lleva el jardinero joven
fefo rino fefo ragi gero bane,el perro mira el niño joven
moro seza fefo sena zizi rizo,la maestra cuida el jardinero verde
fefo rino fefo povo gero pefe,el perro lleva el niño grande
fefo gero moro povo somi pefe riga,el niño no lleva la niña grande
fefo mefi fefo povo gero bane,el músico mira el niño grande
fefo rino fefo mefi rizo riga,el perro no cuida el músico
fefo rino moro posi sesi nava riga,el perro no lee la gata feliz
